seqid,log_likelihood, log_likelihood_target
wt,-1.8126385,-1.574503
V1A,-1.81101,-1.570288
V1C,-1.814885,-1.5845686
V1D,-1.8195416,-1.595854
V1E,-1.8165952,-1.5842588
V1F,-1.815294,-1.5840943
V1G,-1.8093762,-1.5683174
V1H,-1.8198802,-1.5953168
V1I,-1.8155845,-1.5874946
V1K,-1.8196601,-1.5928196
V1L,-1.8119872,-1.5735526
V1M,-1.8063054,-1.5569566
