seqid,log_likelihood, log_likelihood_target
wt,-1.8674637,-1.6681584
V1A,-1.865706,-1.6626718
V1C,-1.8693489,-1.6764883
V1D,-1.8721629,-1.6819445
V1E,-1.8697195,-1.6731548
V1F,-1.8677446,-1.6712508
V1G,-1.8633808,-1.6596599
V1H,-1.8725309,-1.6828324
V1I,-1.8729339,-1.6872091
V1K,-1.8719803,-1.6796399
V1L,-1.8679157,-1.6700388
V1M,-1.8620561,-1.6540858
