seqid,log_likelihood, log_likelihood_target
wt,-1.9095433,-1.7427341
V1A,-1.9072357,-1.7361621
V1C,-1.9115262,-1.7518455
V1D,-1.910348,-1.7459296
V1E,-1.9128,-1.7506067
V1F,-1.9080724,-1.7399633
V1G,-1.9081775,-1.7440507
V1H,-1.9142962,-1.7567102
V1I,-1.9153141,-1.7619495
V1K,-1.9134144,-1.7519916
V1L,-1.9076408,-1.7386619
V1M,-1.9008576,-1.7179742
V1N,-1.9136478,-1.7536911
V1P,-1.910521,-1.7458403
