seqid,log_likelihood, log_likelihood_target
wt,-1.85739,-1.637208
V1A,-1.8528471,-1.6236901
V1C,-1.8565166,-1.6378639
V1D,-1.859031,-1.6409206
V1E,-1.8576957,-1.6359334
V1F,-1.8554797,-1.6331451
V1G,-1.8476036,-1.6128625
V1H,-1.8600507,-1.6437778
V1I,-1.8616472,-1.6519182
V1K,-1.8586234,-1.6393222
V1L,-1.8571558,-1.6369914
V1M,-1.8502495,-1.6181183
