seqid,log_likelihood, log_likelihood_target
wt,-1.8711866,-1.6581873
V1A,-1.8680267,-1.6497972
V1C,-1.8737389,-1.668197
V1D,-1.8764741,-1.6748374
V1E,-1.8747615,-1.6675297
V1F,-1.872454,-1.6636871
V1G,-1.8665025,-1.647587
